{"h_z": [0.0, 0.039473684210526314, 0.07894736842105263, 0.11842105263157894, 0.15789473684210525, 0.19736842105263158, 0.23684210526315788, 0.2763157894736842, 0.3157894736842105, 0.35526315789473684, 0.39473684210526316, 0.43421052631578944, 0.47368421052631576, 0.513157894736842, 0.5526315789473684, 0.5921052631578947, 0.631578947368421, 0.6710526315789473, 0.7105263157894737, 0.75], "E0": [-32.12065808552639, -32.13904191503437, -32.196509685311746, -32.29684358198118, -32.44876562467586, -32.66834325559556, -32.98040409506598, -33.410081066278764, -33.962009505326094, -34.614408601729906, -35.33795893279435, -36.10993104149259, -36.91554907835895, -37.74545710542408, -38.59356246652325, -39.45573041168606, -40.32904134254434, -41.2113622667341, -42.10109023674588, -42.9969922377335], "gap": [0.00025201442232969384, 0.006288554042384931, 0.026000932554069323, 0.06227397379411315, 0.12220180048554852, 0.21973245479560433, 0.3772872836651544, 0.6176058398943809, 0.9433196899394289, 1.3314247788774551, 1.752461509403858, 2.184762638902093, 2.615711865260721, 3.038927476898664, 3.4517443099478626, 3.853569280073806, 4.244883452865103, 4.626658001445172, 5.000025973137923, 5.366110325942415], "A": [0.99999999999999, 0.9976331377945009, 0.9900543042073932, 0.9755140338005251, 0.9499162707173555, 0.9053412510389145, 0.8318018999624384, 0.7302242032617345, 0.6231035253764515, 0.5327734914772893, 0.4637908696620431, 0.4115894540865687, 0.37106230704467225, 0.33859961212327316, 0.3118731889421072, 0.28937825809312473, 0.27011167443903494, 0.2533791853979207, 0.23868279904346895, 0.22565386225951858], "B": [0.9949170315564158, 0.9949657818413399, 0.99497715276398, 0.9949960308027456, 0.9950277286777824, 0.9950805664772845, 0.9951651843343502, 0.9952828097417755, 0.995414667025407, 0.9955399727395241, 0.995652251332286, 0.9957532272129722, 0.9958457905863827, 0.9959320915720745, 0.9960135280188288, 0.9960910045073653, 0.9961651278526557, 0.9962363248043057, 0.9963049098838431, 0.9963711248418559], "Mz": [-9.559810136117979e-17, 0.039780565705651874, 0.08223450022881812, 0.13106413574576115, 0.19243899087643535, 0.2756003713299434, 0.3880797959640221, 0.5199862680018534, 0.6409012132727184, 0.7309781622391013, 0.792525141534782, 0.8346470599256804, 0.86449412861192, 0.8864841173176545, 0.9032455717716635, 0.9163803262793051, 0.926905171240501, 0.9354930575805337, 0.9426064026862654, 0.9485733422065405], "Wz": [-1.3973135802557008e-10, 0.9966738214765476, 0.9974318760309474, 0.9974797706051113, 0.9975017274300126, 0.9975298453310999, 0.9975730070349714, 0.9976325467057126, 0.997699166083047, 0.9977624254798934, 0.9978190773055482, 0.9978700030814083, 0.997916667760747, 0.9979601601805546, 0.998001188190097, 0.9980402099893035, 0.9980775330943605, 0.9981133738884369, 0.9981478919383505, 0.9981812099547084], "Oz": [-1.6936931297014567e-16, 0.039780566048543874, 0.08223450015105073, 0.13106413821684113, 0.1924389904364143, 0.2756003720074343, 0.3880797959638476, 0.5199862679982299, 0.6409012132725276, 0.730978162239122, 0.792525141534735, 0.8346470599247364, 0.864494128611919, 0.8864841173176565, 0.9032455717716639, 0.9163803262793055, 0.9269051712404996, 0.9354930575805338, 0.9426064026862707, 0.948573342206538], "bffm_z": [-1.432807301232294e-11, 0.03984689018113099, 0.0823402981669931, 0.13122960689375304, 0.19267982430756994, 0.27594139168899573, 0.3885515883827442, 0.5206028846744525, 0.6416397916512737, 0.7317973462900594, 0.7933907757368543, 0.8355373802950705, 0.865396052356338, 0.8873896457039382, 0.9041496362467496, 0.9172796047979015, 0.9277974302087444, 0.9363767710197561, 0.9434805215544911, 0.949437148573125]}